{
  "北京": [
    116.395645,
    39.929986
  ],
  "秦皇岛": [
    119.604368,
    39.945462
  ],
  "唐山": [
    118.183451,
    39.650531
  ],
  "天津": [
    117.210813,
    39.14393
  ],
  "邯郸": [
    114.482694,
    36.609308
  ],
  "石家庄": [
    114.522082,
    38.048958
  ],
  "邢台": [
    114.520487,
    37.069531
  ],
  "保定": [
    115.49481,
    38.886565
  ],
  "张家口": [
    114.893782,
    40.811188
  ],
  "沧州": [
    116.863806,
    38.297615
  ],
  "廊坊": [
    116.703602,
    39.518611
  ],
  "衡水": [
    115.686229,
    37.746929
  ],
  "长治": [
    113.120292,
    36.201664
  ],
  "太原": [
    112.550864,
    37.890277
  ],
  "阳泉": [
    113.569238,
    37.869529
  ],
  "晋城": [
    112.867333,
    35.499834
  ],
  "朔州": [
    112.479928,
    39.337672
  ],
  "晋中": [
    112.738514,
    37.693362
  ],
  "运城": [
    111.006854,
    35.038859
  ],
  "临汾": [
    111.538788,
    36.099745
  ],
  "忻州": [
    112.727939,
    38.461031
  ],
  "吕梁": [
    111.143157,
    37.527316
  ],
  "呼和浩特": [
    111.660351,
    40.828319
  ],
  "包头": [
    109.846239,
    40.647119
  ],
  "乌海": [
    106.831999,
    39.683177
  ],
  "通辽": [
    122.260363,
    43.633756
  ],
  "赤峰": [
    118.930761,
    42.297112
  ],
  "呼伦贝尔": [
    119.760822,
    49.201636
  ],
  "鄂尔多斯": [
    109.993706,
    39.81649
  ],
  "巴彦淖尔": [
    107.423807,
    40.76918
  ],
  "兴安盟": [
    122.048167,
    46.083757
  ],
  "乌兰察布": [
    113.112846,
    41.022363
  ],
  "沈阳": [
    123.432791,
    41.808645
  ],
  "锡林郭勒盟": [
    116.02734,
    43.939705
  ],
  "阿拉善盟": [
    105.695683,
    38.843075
  ],
  "本溪": [
    123.778062,
    41.325838
  ],
  "丹东": [
    124.338543,
    40.129023
  ],
  "抚顺": [
    123.92982,
    41.877304
  ],
  "大连": [
    121.593478,
    38.94871
  ],
  "锦州": [
    121.147749,
    41.130879
  ],
  "盘锦": [
    122.073228,
    41.141248
  ],
  "营口": [
    122.233391,
    40.668651
  ],
  "阜新": [
    121.660822,
    42.01925
  ],
  "辽阳": [
    123.172451,
    41.273339
  ],
  "鞍山": [
    123.007763,
    41.118744
  ],
  "朝阳": [
    116.521695,
    39.958953
  ],
  "葫芦岛": [
    120.860758,
    40.74303
  ],
  "吉林": [
    126.564544,
    43.871988
  ],
  "长春": [
    125.313642,
    43.898338
  ],
  "四平": [
    124.391382,
    43.175525
  ],
  "辽源": [
    125.133686,
    42.923303
  ],
  "通化": [
    125.94265,
    41.736397
  ],
  "铁岭": [
    123.85485,
    42.299757
  ],
  "延边朝鲜族自治州": [
    129.485902,
    42.896414
  ],
  "白城": [
    122.840777,
    45.621086
  ],
  "松原": [
    124.832995,
    45.136049
  ],
  "鹤岗": [
    130.292472,
    47.338666
  ],
  "鸡西": [
    130.941767,
    45.32154
  ],
  "白山": [
    126.435798,
    41.945859
  ],
  "哈尔滨": [
    126.657717,
    45.773225
  ],
  "齐齐哈尔": [
    123.987289,
    47.3477
  ],
  "双鸭山": [
    131.171402,
    46.655102
  ],
  "大庆": [
    125.02184,
    46.596709
  ],
  "七台河": [
    131.019048,
    45.775005
  ],
  "佳木斯": [
    130.284735,
    46.81378
  ],
  "黑河": [
    127.50083,
    50.25069
  ],
  "大兴安岭地区": [
    124.196104,
    51.991789
  ],
  "牡丹江": [
    129.608035,
    44.588521
  ],
  "绥化": [
    126.989095,
    46.646064
  ],
  "上海": [
    121.487899,
    31.249162
  ],
  "无锡": [
    120.305456,
    31.570037
  ],
  "徐州": [
    117.188107,
    34.271553
  ],
  "常州": [
    119.981861,
    31.771397
  ],
  "苏州": [
    120.619907,
    31.317987
  ],
  "连云港": [
    119.173872,
    34.601549
  ],
  "南京": [
    118.778074,
    32.057236
  ],
  "南通": [
    120.873801,
    32.014665
  ],
  "盐城": [
    120.148872,
    33.379862
  ],
  "泰州": [
    119.919606,
    32.476053
  ],
  "镇江": [
    119.455835,
    32.204409
  ],
  "宿迁": [
    118.296893,
    33.95205
  ],
  "杭州": [
    120.219375,
    30.259244
  ],
  "宁波": [
    121.579006,
    29.885259
  ],
  "扬州": [
    119.427778,
    32.408505
  ],
  "温州": [
    120.690635,
    28.002838
  ],
  "湖州": [
    120.137243,
    30.877925
  ],
  "绍兴": [
    120.592467,
    30.002365
  ],
  "嘉兴": [
    120.760428,
    30.773992
  ],
  "衢州": [
    118.875842,
    28.95691
  ],
  "舟山": [
    122.169872,
    30.03601
  ],
  "金华": [
    119.652576,
    29.102899
  ],
  "台州": [
    121.440613,
    28.668283
  ],
  "合肥": [
    117.282699,
    31.866942
  ],
  "丽水": [
    119.929576,
    28.4563
  ],
  "蚌埠": [
    117.35708,
    32.929499
  ],
  "淮南": [
    117.018639,
    32.642812
  ],
  "芜湖": [
    118.384108,
    31.36602
  ],
  "马鞍山": [
    118.515882,
    31.688528
  ],
  "淮北": [
    116.791447,
    33.960023
  ],
  "铜陵": [
    117.819429,
    30.94093
  ],
  "安庆": [
    117.058739,
    30.537898
  ],
  "滁州": [
    118.32457,
    32.317351
  ],
  "阜阳": [
    115.820932,
    32.901211
  ],
  "六安": [
    116.505253,
    31.755558
  ],
  "宿州": [
    116.988692,
    33.636772
  ],
  "亳州": [
    115.787928,
    33.871211
  ],
  "宣城": [
    118.752096,
    30.951642
  ],
  "福州": [
    119.330221,
    26.047125
  ],
  "池州": [
    117.494477,
    30.660019
  ],
  "厦门": [
    118.103886,
    24.489231
  ],
  "三明": [
    117.642194,
    26.270835
  ],
  "莆田": [
    119.077731,
    25.44845
  ],
  "漳州": [
    117.676205,
    24.517065
  ],
  "南平": [
    118.181883,
    26.643626
  ],
  "龙岩": [
    117.017997,
    25.078685
  ],
  "宁德": [
    119.542082,
    26.656527
  ],
  "南昌": [
    115.893528,
    28.689578
  ],
  "景德镇": [
    117.186523,
    29.303563
  ],
  "泉州": [
    118.600362,
    24.901652
  ],
  "萍乡": [
    113.859917,
    27.639544
  ],
  "新余": [
    114.947117,
    27.822322
  ],
  "九江": [
    115.999848,
    29.71964
  ],
  "鹰潭": [
    117.03545,
    28.24131
  ],
  "吉安": [
    114.992039,
    27.113848
  ],
  "赣州": [
    114.935909,
    25.845296
  ],
  "宜春": [
    114.400039,
    27.81113
  ],
  "青岛": [
    120.384428,
    36.105215
  ],
  "上饶": [
    117.955464,
    28.457623
  ],
  "济南": [
    117.024967,
    36.682785
  ],
  "抚州": [
    116.360919,
    27.954545
  ],
  "枣庄": [
    117.279305,
    34.807883
  ],
  "淄博": [
    118.059134,
    36.804685
  ],
  "烟台": [
    121.309555,
    37.536562
  ],
  "济宁": [
    116.600798,
    35.402122
  ],
  "潍坊": [
    119.142634,
    36.716115
  ],
  "日照": [
    119.50718,
    35.420225
  ],
  "威海": [
    122.093958,
    37.528787
  ],
  "泰安": [
    117.089415,
    36.188078
  ],
  "德州": [
    116.328161,
    37.460826
  ],
  "莱芜": [
    117.684667,
    36.233654
  ],
  "临沂": [
    118.340768,
    35.072409
  ],
  "菏泽": [
    115.46336,
    35.26244
  ],
  "聊城": [
    115.986869,
    36.455829
  ],
  "滨州": [
    117.968292,
    37.405314
  ],
  "开封": [
    114.351642,
    34.801854
  ],
  "洛阳": [
    112.447525,
    34.657368
  ],
  "郑州": [
    113.649644,
    34.75661
  ],
  "平顶山": [
    113.300849,
    33.745301
  ],
  "安阳": [
    114.351807,
    36.110267
  ],
  "濮阳": [
    115.026627,
    35.753298
  ],
  "焦作": [
    113.211836,
    35.234608
  ],
  "鹤壁": [
    114.29777,
    35.755426
  ],
  "新乡": [
    113.91269,
    35.307258
  ],
  "许昌": [
    113.835312,
    34.02674
  ],
  "漯河": [
    114.046061,
    33.576279
  ],
  "三门峡": [
    111.181262,
    34.78332
  ],
  "南阳": [
    112.542842,
    33.01142
  ],
  "商丘": [
    115.641886,
    34.438589
  ],
  "信阳": [
    114.085491,
    32.128582
  ],
  "周口": [
    114.654102,
    33.623741
  ],
  "驻马店": [
    114.049154,
    32.983158
  ],
  "武汉": [
    114.3162,
    30.581084
  ],
  "十堰": [
    110.801229,
    32.636994
  ],
  "宜昌": [
    111.310981,
    30.732758
  ],
  "黄石": [
    115.050683,
    30.216127
  ],
  "荆门": [
    112.21733,
    31.042611
  ],
  "鄂州": [
    114.895594,
    30.384439
  ],
  "孝感": [
    113.935734,
    30.927955
  ],
  "咸宁": [
    114.300061,
    29.880657
  ],
  "黄冈": [
    114.906618,
    30.446109
  ],
  "随州": [
    113.379358,
    31.717858
  ],
  "恩施土家族苗族自治州": [
    109.491923,
    30.285888
  ],
  "长沙": [
    112.979353,
    28.213478
  ],
  "湘潭": [
    112.935556,
    27.835095
  ],
  "邵阳": [
    111.461525,
    27.236811
  ],
  "衡阳": [
    112.583819,
    26.898164
  ],
  "岳阳": [
    113.146196,
    29.378007
  ],