{

  "东北": [123.38, 41.8],
  "北方": [111.65, 40.82],
  "华北": [116.46, 39.92],
  "华东": [117, 36.65],
  "中西": [113.65, 34.76],
  "华中": [114.31, 30.52],
  "西南": [104.06, 30.67],
  "东南": [119.3, 26.08],
  "华南": [113.23,23.16],
  "河南1":[112.586911,32.718346],
  "河南2":[112.812566,32.70498],
  "河南3":[113.361286,33.632491],
  "台湾": [
    121.5135,
    25.0308
  ],
  "香港": [
    114.157046,
    22.410655
  ],
  "澳门": [
    113.538941,
    22.138267
  ],
  "北京": [
    116.4551,
    40.2539
  ],
  "北京市": [
    116.4551,
    40.2539
  ],
  "上海": [
    121.4648,
    31.2891
  ],
  "重庆": [
    108.384366,
    30.439702
  ],
  "天津": [
    117.4219,
    39.4189
  ],
  "广西": [
    108.479,
    23.1152
  ],
  "内蒙古": [
    110.3467,
    41.4899
  ],
  "新疆": [
    87.9236,
    43.5883
  ],
  "西藏": [
    91.11,
    29.97
  ],
  "宁夏": [
    106.3586,
    38.1775
  ],
  "黑龙江": [
    127.9688,
    45.368
  ],
  "吉林": [
    125.8154,
    44.2584
  ],
  "辽宁": [
    123.1238,
    42.1216
  ],
  "河北": [
    114.4995,
    38.1006
  ],
  "山西": [
    112.3352,
    37.9413
  ],
  "陕西": [
    109.1162,
    34.2004
  ],
  "甘肃": [
    103.5901,
    36.3043
  ],
  "青海": [
    101.4038,
    36.8207
  ],
  "四川": [
    103.9526,
    30.7617
  ],
  "山东": [
    117.1582,
    36.8701
  ],
  "河南": [
    113.4668,
    34.6234
  ],
  "江苏": [
    118.8062,
    31.9208
  ],
  "安徽": [
    117.29,
    32.0581
  ],
  "湖北": [
    114.3896,
    30.6628
  ],
  "浙江": [
    119.5313,
    29.8773
  ],
  "福建": [
    119.4543,
    25.9222
  ],
  "江西": [
    116.0046,
    28.6633
  ],
  "湖南": [
    113.0823,
    28.2568
  ],
  "贵州": [
    106.6992,
    26.7682
  ],
  "云南": [
    102.9199,
    25.4663
  ],
  "广东": [
    113.12244,
    23.009505
  ],
  "海南": [
    110.3893,
    19.8516
  ]
}
